'1','1','378 GT Zagato','1'
'2','1','Ace','1'
'3','1','Aceca','1'
'4','1','Cobra','1'
'5','2','CL','1'
'6','2','CSX','1'
'7','2','EL','1'
'8','2','ILX','1'
'9','2','Integra','1'
'10','2','Legend','1'
'11','2','MDX','1'
'12','2','NSX','1'
'13','2','RDX','1'
'14','2','RL','1'
'15','2','RLX','1'
'16','2','RSX','1'
'17','2','SLX','1'
'18','2','TL','1'
'19','2','TSX','1'
'20','2','ZDX','1'
'21','3','145','1'
'22','3','146','1'
'23','3','147','1'
'24','3','155','1'
'25','3','156','1'
'26','3','159','1'
'27','3','164','1'
'28','3','166','1'
'29','3','33','1'
'30','3','4C','1'
'31','3','6','1'
'32','3','75','1'
'33','3','8C Competizione','1'
'34','3','90','1'
'35','3','Alfasud','1'
'36','3','Alfetta','1'
'37','3','Arna','1'
'38','3','Brera','1'
'39','3','Giulia','1'
'40','3','Giulietta','1'
'41','3','GT','1'
'42','3','GTA Coupe','1'
'43','3','GTV','1'
'44','3','MiTo','1'
'45','3','Montreal','1'
'46','3','RZ','1'
'47','3','Spider','1'
'48','3','Sprint','1'
'49','3','SZ','1'
'50','4','A110','1'
'51','4','A310','1'
'52','4','A610','1'
'53','4','GTA','1'
'54','5','HMMWV (Humvee)','1'
'55','6','Atom','1'
'56','7','10','1'
'57','7','24','1'
'58','8','Retona','1'
'59','8','Rocsta','1'
'60','9','Bulldog','1'
'61','9','Cygnet','1'
'62','9','DB7','1'
'63','9','DB9','1'
'64','9','DBS','1'
'65','9','Lagonda','1'
'66','9','One-77','1'
'67','9','Rapide','1'
'68','9','Tickford Capri','1'
'69','9','V12 Vanquish','1'
'70','9','V12 Vantage','1'
'71','9','V12 Zagato','1'
'72','9','V8 Vantage','1'
'73','9','V8 Zagato','1'
'74','9','Virage','1'
'75','10','100','1'
'76','10','200','1'
'77','10','50','1'
'78','10','80','1'
'79','10','90','1'
'80','10','A1','1'
'81','10','A2','1'
'82','10','A3','1'
'83','10','A4 allroad','1'
'84','10','A4','1'
'85','10','A5','1'
'86','10','A6 allroad','1'
'87','10','A6','1'
'88','10','A7','1'
'89','10','A8','1'
'90','10','Cabriolet','1'
'91','10','Coupe','1'
'92','10','NSU RO 80','1'
'93','10','Q3','1'
'94','10','Q5','1'
'95','10','Q7','1'
'96','10','quattro','1'
'97','10','R8','1'
'98','10','RS Q3','1'
'99','10','RS2','1'
'100','10','RS3','1'
'101','10','RS4','1'
'102','10','RS5','1'
'103','10','RS6','1'
'104','10','RS7','1'
'105','10','S1','1'
'106','10','S2','1'
'107','10','S3','1'
'108','10','S4','1'
'109','10','S5','1'
'110','10','S6','1'
'111','10','S7','1'
'112','10','S8','1'
'113','10','SQ5','1'
'114','10','TT','1'
'115','10','V8','1'
'116','11','Allegro','1'
'117','11','Ambassador','1'
'118','11','Maestro','1'
'119','11','Maxi','1'
'120','11','Metro','1'
'121','11','Mini','1'
'122','11','Montego','1'
'123','11','Princess','1'
'124','12','A 112','1'
'125','13','BD-1322','1'
'126','14','BJ2020','1'
'127','14','BJ212','1'
'128','15','Arnage','1'
'129','15','Azure','1'
'130','15','Brooklands','1'
'131','15','Continental','1'
'132','15','Continental Flying Spur','1'
'133','15','Continental GT','1'
'134','15','Eight','1'
'135','15','Flying Spur','1'
'136','15','Mulsanne','1'
'137','15','Turbo R','1'
'138','16','Freeclimber','1'
'139','17','Type 3','1'
'140','18','02 (E10)','1'
'141','18','1er','1'
'142','18','2er','1'
'143','18','2er Active Tourer','1'
'144','18','3er','1'
'145','18','4er','1'
'146','18','5er','1'
'147','18','6er','1'
'148','18','7er','1'
'149','18','8er','1'
'150','18','i3','1'
'151','18','i8','1'
'152','18','X1','1'
'153','18','X3','1'
'154','18','X4','1'
'155','18','X5','1'
'156','18','X6','1'
'157','18','Z1','1'
'158','18','Z3','1'
'159','18','Z4','1'
'160','18','Z8','1'
'169','20','7.3S','1'
'170','20','M V12','1'
'171','20','SV12','1'
'172','21','FRV (BS2)','1'
'173','21','M1 (BS6)','1'
'174','21','M2 (BS4)','1'
'175','21','M3 (BC3)','1'
'176','21','V5','1'
'177','22','Blenheim','1'
'178','22','Blenheim Speedster','1'
'179','22','Fighter','1'
'180','23','Geneva','1'
'181','23','La Joya','1'
'182','24','EB 110','1'
'183','24','EB 112','1'
'185','25','Century','1'
'186','25','Electra','1'
'187','25','Enclave','1'
'188','25','Excelle','1'
'189','25','GL8','1'
'190','25','LaCrosse','1'
'191','25','LeSabre','1'
'192','25','Lucerne','1'
'193','25','Park Avenue','1'
'194','25','Rainer','1'
'195','25','Reatta','1'
'196','25','Regal','1'
'197','25','Rendezvous','1'
'198','25','Riviera','1'
'199','25','Roadmaster','1'
'200','25','Skylark','1'
'201','25','Terraza','1'
'202','26','E6','1'
'203','26','F0','1'
'204','26','F3','1'
'205','26','F6','1'
'206','26','F8','1'
'207','26','Flyer','1'
'208','26','G3','1'
'209','26','G6','1'
'210','26','L3','1'
'211','26','M6','1'
'212','26','S6','1'
'213','27','BD132J (CoCo)','1'
'214','27','BD326J (Moca)','1'
'215','28','Allante','1'
'216','28','ATS','1'
'217','28','BLS','1'
'218','28','Brougham','1'
'219','28','Catera','1'
'220','28','CTS','1'
'221','28','De Ville','1'
'222','28','DTS','1'
'223','28','Eldorado','1'
'224','28','Escalade','1'
'225','28','Fleetwood','1'
'226','28','LSE','1'
'227','28','Seville','1'
'228','28','Sixty Special','1'
'229','28','SRX','1'
'230','28','STS','1'
'231','28','XLR','1'
'232','28','XTS','1'
'233','29','C12','1'
'234','30','FX4','1'
'235','31','21','1'
'236','31','CSR','1'
'237','31','Seven','1'
'238','32','Benni','1'
'239','32','CS35','1'
'240','32','Eado','1'
'241','32','Raeton','1'
'242','32','Z-Shine','1'
'244','33','Flying','1'
'245','33','SUV (CS6)','1'
'247','34','Amulet (A15)','1'
'248','34','Bonus (A13)','1'
'249','34','CrossEastar (B14)','1'
'250','34','Fora (A21)','1'
'251','34','IndiS (S18D)','1'
'252','34','Kimo (A1)','1'
'253','34','Oriental Son (B11)','1'
'254','34','QQ6 (S21)','1'
'255','34','Sweet (QQ)','1'
'256','34','Tiggo (T11)','1'
'257','34','Very','1'
'258','35','Alero','1'
'259','35','Astra','1'
'260','35','Astro','1'
'261','35','Avalanche','1'
'262','35','Aveo','1'
'263','35','Beretta','1'
'264','35','Blazer','1'
'265','35','Blazer K5','1'
'266','35','C-10','1'
'267','35','Camaro','1'
'268','35','Caprice','1'
'269','35','Captiva','1'
'270','35','Cavalier','1'
'271','35','Celebrity','1'
'272','35','Celta','1'
'273','35','Chevette','1'
'274','35','Citation','1'
'275','35','Classic','1'
'276','35','Cobalt','1'
'277','35','Colorado','1'
'278','35','Corsa','1'
'279','35','Corsica','1'
'280','35','Corvette','1'
'281','35','Cruze (HR)','1'
'282','35','Cruze','1'
'283','35','Epica','1'
'284','35','Equinox','1'
'285','35','Evanda','1'
'286','35','Express','1'
'287','35','HHR','1'
'288','35','Impala','1'
'289','35','Kalos','1'
'290','35','Lacetti','1'
'291','35','Lanos','1'
'292','35','Lumina','1'
'293','35','Lumina APV','1'
'294','35','LUV D-MAX','1'
'295','35','Malibu','1'
'296','35','Metro','1'
'297','35','Monte Carlo','1'
'298','35','Monza','1'
'299','35','MW','1'
'300','35','Niva','1'
'301','35','Nubira','1'
'302','35','Omega','1'
'303','35','Orlando','1'
'304','35','Prizm','1'
'305','35','Rezzo','1'
'306','35','S-10 Pickup','1'
'307','35','Sail','1'
'308','35','Sonic','1'
'309','35','Spark','1'
'310','35','SSR','1'
'311','35','Starcraft','1'
'312','35','Suburban','1'
'313','35','Tahoe','1'
'314','35','Tavera','1'
'315','35','Tracker','1'
'316','35','TrailBlazer','1'
'317','35','Trans Sport','1'
'318','36','200','1'
'319','36','300C','1'
'320','36','300M','1'
'321','36','Aspen','1'
'322','36','Cirrus','1'
'323','36','Concorde','1'
'324','36','Crossfire','1'
'325','36','Dynasty','1'
'326','36','Fifth Avenue','1'
'327','36','Imperial','1'
'328','36','Intrepid','1'
'329','36','Le Baron','1'
'330','36','LHS','1'
'331','36','Nassau','1'
'332','36','Neon','1'
'333','36','NEW Yorker','1'
'334','36','Pacifica','1'
'335','36','Prowler','1'
'336','36','PT Cruiser','1'
'337','36','Saratoga','1'
'338','36','Sebring','1'
'339','36','Stratus','1'
'340','36','TC by Maserati','1'
'341','36','Town & Country','1'
'342','36','Viper','1'
'343','36','Vision','1'
'344','36','Voyager','1'
'345','37','2 CV','1'
'346','37','AMI','1'
'347','37','Ax','1'
'348','37','Berlingo','1'
'349','37','BX','1'
'350','37','C-Crosser','1'
'351','37','C-Elysee','1'
'352','37','C1','1'
'353','37','C2','1'
'354','37','C3','1'
'355','37','C3 Picasso','1'
'356','37','C4 Aircross','1'
'357','37','C4 Cactus','1'
'358','37','C4','1'
'359','37','C4 Picasso','1'
'360','37','C5','1'
'361','37','C6','1'
'362','37','C8','1'
'363','37','CX','1'
'364','37','DS3','1'
'365','37','DS4','1'
'366','37','DS5','1'
'367','37','Dyane','1'
'368','37','Evasion','1'
'369','37','GS','1'
'370','37','LNA','1'
'371','37','Saxo','1'
'372','37','Visa','1'
'373','37','Xantia','1'
'374','37','XM','1'
'375','37','Xsara','1'
'376','37','Xsara Picasso','1'
'377','37','ZX','1'
'378','38','V16t','1'
'379','39','T Rex','1'
'380','40','1300','1'
'381','40','1310','1'
'382','40','1410','1'
'383','40','Dokker','1'
'384','40','Duster','1'
'385','40','Lodgy','1'
'386','40','Logan','1'
'387','40','Nova','1'
'388','40','Sandero','1'
'389','40','Solenza','1'
'390','41','City Leading','1'
'391','41','Shuttle','1'
'392','41','Smoothing','1'
'393','42','Arcadia','1'
'394','42','Chairman','1'
'395','42','Damas','1'
'396','42','Espero','1'
'397','42','Evanda','1'
'398','42','G2X','1'
'399','42','Gentra','1'
'400','42','Kalos','1'
'401','42','Korando','1'
'402','42','Lacetti','1'
'403','42','Lanos (Sens)','1'
'404','42','LE Mans','1'
'405','42','Leganza','1'
'406','42','Magnus','1'
'407','42','Matiz','1'
'408','42','Musso','1'
'409','42','Nexia','1'
'410','42','Nubira','1'
'411','42','Prince','1'
'412','42','Racer','1'
'413','42','Rezzo','1'
'414','42','Tacuma','1'
'415','42','Tico','1'
'416','42','Tosca','1'
'417','42','Winstorm','1'
'418','43','46','1'
'419','43','66','1'
'420','44','Altis','1'
'421','44','Applause','1'
'422','44','Atrai','1'
'423','44','Be-go','1'
'424','44','Boon','1'
'425','44','Ceria','1'
'426','44','Charade','1'
'427','44','Charmant','1'
'428','44','Coo','1'
'429','44','Copen','1'
'430','44','Cuore','1'
'431','44','Delta Wagon','1'
'432','44','Esse','1'
'433','44','Feroza','1'
'434','44','Gran Move','1'
'435','44','Leeza','1'
'436','44','Materia','1'
'437','44','MAX','1'
'438','44','Mira Gino','1'
'439','44','Mira','1'
'440','44','Move','1'
'441','44','Naked','1'
'442','44','Opti','1'
'443','44','Pyzar','1'
'444','44','Rocky','1'
'445','44','Sirion','1'
'446','44','Sonica','1'
'447','44','Storia','1'
'448','44','Taft','1'
'449','44','Tanto','1'
'450','44','Terios','1'
'451','44','Trevis','1'
'452','44','Wildcat','1'
'453','44','Xenia','1'
'454','44','YRV','1'
'455','45','DS420','1'
'456','45','Sovereign (XJ6)','1'
'457','45','X300','1'
'458','45','X308','1'
'459','45','X350','1'
'460','45','XJ40','1'
'461','45','XJS','1'
'463','47','280ZX','1'
'464','47','720','1'
'465','47','Bluebird','1'
'466','47','Cherry','1'
'467','47','GO','1'
'468','47','GO+','1'
'469','47','on-DO','1'
'470','47','Stanza','1'
'471','47','Sunny','1'
'472','47','Violet','1'
'473','48','Bigua','1'
'474','48','Guara','1'
'475','48','Mangusta','1'
'476','48','Pantera','1'
'477','48','Vallelunga','1'
'478','49','DMC-12','1'
'479','50','Antelope','1'
'480','50','Aurora','1'
'481','50','Cowboy','1'
'482','50','Land Crown','1'
'483','50','Plutus','1'
'484','50','Saladin','1'
'485','50','Shuttle','1'
'486','51','600','1'
'487','51','Aries','1'
'488','51','Avenger','1'
'489','51','Caliber','1'
'490','51','Caravan','1'
'491','51','Challenger','1'
'492','51','Charger','1'
'493','51','Dakota','1'
'494','51','Dart','1'
'495','51','Daytona','1'
'496','51','Durango','1'
'497','51','Dynasty','1'
'499','51','Intrepid','1'
'500','51','Journey','1'
'501','51','Magnum','1'
'502','51','Monaco','1'
'503','51','Neon','1'
'504','51','Nitro','1'
'505','51','Omni','1'
'506','51','RAM','1'
'507','51','Ramcharger','1'
'508','51','Shadow','1'
'509','51','Spirit','1'
'510','51','Stealth','1'
'511','51','Stratus','1'
'512','51','Viper','1'
'513','52','H30 Cross','1'
'514','52','MPV','1'
'515','52','Oting','1'
'516','52','Rich','1'
'517','53','Assol','1'
'518','53','Kondor','1'
'519','53','Orion','1'
'520','54','D8','1'
'521','55','GD04B','1'
'522','56','Premier','1'
'523','56','Summit','1'
'524','56','Talon','1'
'525','56','Vision','1'
'526','57','SS','1'
'527','58','Estrima Biro','1'
'530','59','Besturn B50','1'
'531','59','Besturn B70','1'
'533','59','City Golf','1'
'535','59','Jinn','1'
'536','59','Oley','1'
'537','59','V2','1'
'538','59','V5','1'
'539','59','Vita','1'
'540','60','208/308','1'
'541','60','328','1'
'542','60','348','1'
'543','60','360','1'
'544','60','400','1'
'545','60','412','1'
'546','60','456','1'
'547','60','458','1'
'548','60','512 BB','1'
'549','60','512 M','1'
'550','60','512 TR','1'
'551','60','550','1'
'552','60','575M','1'
'553','60','599','1'
'554','60','612','1'
'555','60','California','1'
'556','60','Enzo','1'
'557','60','F12berlinetta','1'
'558','60','F355','1'
'559','60','F40','1'
'560','60','F430','1'
'561','60','F50','1'
'562','60','FF','1'
'563','60','LaFerrari','1'
'564','60','Mondial','1'
'565','60','Testarossa','1'
'566','61','124','1'
'567','61','126','1'
'568','61','127','1'
'569','61','128','1'
'570','61','130','1'
'571','61','131','1'
'572','61','132','1'
'573','61','238','1'
'574','61','500','1'
'575','61','500L','1'
'576','61','600','1'
'577','61','900T','1'
'578','61','Albea','1'
'579','61','Argenta','1'
'580','61','Barchetta','1'
'581','61','Brava','1'
'582','61','Bravo','1'
'583','61','Cinquecento','1'
'584','61','Coupe','1'
'585','61','Croma','1'
'586','61','Doblo','1'
'587','61','Duna','1'
'588','61','Fiorino','1'
'589','61','Freemont','1'
'590','61','Idea','1'
'591','61','Linea','1'
'592','61','Marea','1'
'593','61','Multipla','1'
'594','61','Palio','1'
'595','61','Panda','1'
'596','61','Punto','1'
'597','61','Qubo','1'
'598','61','Regata','1'
'599','61','Ritmo','1'
'600','61','Sedici','1'
'601','61','Seicento','1'
'602','61','Siena','1'
'603','61','Stilo','1'
'604','61','Strada','1'
'605','61','Tempra','1'
'606','61','Tipo','1'
'607','61','Ulysse','1'
'608','61','UNO','1'
'609','61','X 1/9','1'
'610','62','Karma','1'
'611','63','Aerostar','1'
'612','63','Aspire','1'
'613','63','B-MAX','1'
'614','63','Bronco','1'
'615','63','C-MAX','1'
'616','63','Capri','1'
'617','63','Consul','1'
'618','63','Contour','1'
'619','63','Cougar','1'
'620','63','Crown Victoria','1'
'621','63','Econoline','1'
'622','63','EcoSport','1'
'623','63','Edge','1'
'624','63','Escape','1'
'625','63','Escort (North America)','1'
'626','63','Escort','1'
'627','63','Everest','1'
'628','63','Excursion','1'
'629','63','Expedition','1'
'630','63','Explorer','1'
'631','63','F-150','1'
'632','63','Fairmont','1'
'633','63','Festiva','1'
'634','63','Fiesta','1'
'635','63','Five Hundred','1'
'636','63','Flex','1'
'637','63','Focus','1'
'638','63','Freestar','1'
'639','63','Freestyle','1'
'640','63','Fusion (North America)','1'
'641','63','Fusion','1'
'642','63','Galaxy','1'
'643','63','Granada (North America)','1'
'644','63','Granada','1'
'645','63','GT','1'
'646','63','Ixion','1'
'647','63','KA','1'
'648','63','Kuga','1'
'649','63','Laser','1'
'650','63','LTD Crown Victoria','1'
'651','63','Maverick','1'
'652','63','Mondeo','1'
'653','63','Mustang','1'
'654','63','Orion','1'
'655','63','Probe','1'
'656','63','Puma','1'
'657','63','Ranger (North America)','1'
'658','63','Ranger','1'
'659','63','S-MAX','1'
'660','63','Scorpio','1'
'661','63','Sierra','1'
'663','63','Taunus','1'
'664','63','Taurus','1'
'665','63','Taurus X','1'
'666','63','Tempo','1'
'667','63','Thunderbird','1'
'668','63','Tourneo Connect','1'
'669','63','Windstar','1'
'670','64','Midi','1'
'671','64','Tunland','1'
'672','65','125p','1'
'673','65','126p','1'
'674','65','127p','1'
'675','65','132p','1'
'676','65','Polonez','1'
'677','66','6500 (Land King)','1'
'678','67','Beauty Leopard','1'
'679','67','CK (Otaka)','1'
'680','67','Emgrand EC7','1'
'681','67','Emgrand EC8','1'
'682','67','Emgrand X7','1'
'683','67','FC (Vision)','1'
'684','67','Haoqing','1'
'685','67','LC (Panda)','1'
'686','67','LC (Panda) Cross','1'
'687','67','MK Cross','1'
'688','67','MK','1'
'689','67','MR','1'
'690','68','Metro','1'
'691','68','Prizm','1'
'692','68','Spectrum','1'
'693','68','Storm','1'
'694','68','Tracker','1'
'695','69','Acadia','1'
'696','69','Canyon','1'
'697','69','Envoy','1'
'698','69','Jimmy','1'
'699','69','Safari','1'
'700','69','Savana','1'
'701','69','Sierra','1'
'702','69','Sonoma','1'
'703','69','Suburban','1'
'704','69','Syclone','1'
'705','69','Terrain','1'
'706','69','Typhoon','1'
'707','69','Vandura','1'
'708','69','Yukon','1'
'709','70','Troy','1'
'710','71','Coolbear','1'
'711','71','Cowry (V80)','1'
'712','71','Deer','1'
'713','71','Florid','1'
'714','71','Hover','1'
'715','71','Hover M1 (Peri 4x4)','1'
'716','71','Hover M2','1'
'717','71','Hover M4','1'
'718','71','Pegasus','1'
'719','71','Peri','1'
'720','71','Safe','1'
'721','71','Sailor','1'
'722','71','Sing RUV','1'
'723','71','Socool','1'
'724','71','Voleex C10 (Phenom)','1'
'725','71','Wingle','1'
'726','72','Brio','1'
'727','72','Princip','1'
'728','72','Saibao','1'
'729','72','Sigma','1'
'730','72','Simbo','1'
'731','73','3','1'
'732','73','7','1'
'733','73','M3','1'
'734','74','Ambassador','1'
'735','74','Contessa','1'
'736','75','Apollo','1'
'737','75','Astra','1'
'738','75','Barina','1'
'739','75','Calais','1'
'740','75','Caprice','1'
'742','75','Commodore','1'
'743','75','Cruze','1'
'744','75','Frontera','1'
'745','75','Jackaroo','1'
'746','75','Monaro','1'
'747','75','Rodeo','1'
'750','75','UTE','1'
'751','75','Vectra','1'
'752','75','Zafira','1'
'753','76','Accord','1'
'754','76','Airwave','1'
'755','76','Ascot','1'
'756','76','Avancier','1'
'757','76','Beat','1'
'758','76','Capa','1'
'759','76','City','1'
'760','76','Civic Ferio','1'
'761','76','Civic','1'
'762','76','Concerto','1'
'763','76','CR-V','1'
'764','76','CR-X','1'
'765','76','CR-Z','1'
'766','76','Crossroad','1'
'767','76','Crosstour','1'
'768','76','Domani','1'
'769','76','Edix','1'
'770','76','Element','1'
'771','76','Elysion','1'
'772','76','FCX Clarity','1'
'773','76','Fit Aria','1'
'774','76','Fit','1'
'775','76','FR-V','1'
'776','76','Freed','1'
'777','76','HR-V','1'
'778','76','Insight','1'
'779','76','Inspire','1'
'780','76','Integra','1'
'781','76','Integra SJ','1'
'782','76','Jazz','1'
'783','76','Legend','1'
'784','76','Life','1'
'785','76','Logo','1'
'786','76','MDX','1'
'787','76','Mobilio','1'
'788','76','NSX','1'
'789','76','Odyssey (North America)','1'
'790','76','Odyssey','1'
'791','76','Orthia','1'
'792','76','Partner','1'
'793','76','Passport','1'
'794','76','Pilot','1'
'795','76','Prelude','1'
'796','76','Quint','1'
'797','76','Rafaga','1'
'798','76','Ridgeline','1'
'799','76','S-MX','1'
'800','76','S2000','1'
'801','76','Saber','1'
'802','76','Shuttle','1'
'803','76','Stepwgn','1'
'804','76','Stream','1'
'805','76','That\'S','1'
'806','76','Today','1'
'807','76','Torneo','1'
'808','76','Vamos','1'
'809','76','Vigor','1'
'810','76','Z','1'
'811','76','Zest','1'
'812','77','Antelope','1'
'813','77','Landscape','1'
'814','77','Plutus','1'
'815','78','H1','1'
'816','78','H2','1'
'817','78','H3','1'
'818','79','Accent','1'
'819','79','Atos','1'
'820','79','Avante','1'
'821','79','Centennial','1'
'822','79','Coupe','1'
'823','79','Dynasty','1'
'824','79','Elantra','1'
'825','79','Equus','1'
'826','79','Excel','1'
'827','79','Galloper','1'
'828','79','Genesis','1'
'829','79','Genesis Coupe','1'
'830','79','Getz','1'
'831','79','Grandeur','1'
'832','79','i10','1'
'833','79','i20','1'
'834','79','i30','1'
'835','79','i40','1'
'836','79','ix20','1'
'837','79','ix35','1'
'838','79','ix55','1'
'839','79','Lantra','1'
'840','79','Lavita','1'
'841','79','Marcia','1'
'842','79','Matrix','1'
'843','79','Maxcruz','1'
'844','79','Pony','1'
'845','79','Santa Fe','1'
'846','79','Santamo','1'
'847','79','Scoupe','1'
'848','79','Solaris','1'
'849','79','Sonata','1'
'850','79','Starex (H-1)','1'
'851','79','Stellar','1'
'852','79','Terracan','1'
'853','79','Tiburon','1'
'854','79','Trajet','1'
'855','79','Tucson','1'
'856','79','Tuscani','1'
'857','79','Veloster','1'
'858','79','Veracruz','1'
'859','79','Verna','1'
'860','79','XG','1'
'861','80','EX','1'
'862','80','FX','1'
'863','80','G','1'
'864','80','I','1'
'865','80','J','1'
'866','80','JX','1'
'867','80','M','1'
'868','80','Q','1'
'869','80','Q50','1'
'870','80','Q60','1'
'871','80','QX','1'
'872','80','QX50','1'
'873','80','QX60','1'
'874','80','QX70','1'
'875','80','QX80','1'
'876','81','Elba','1'
'877','81','Mille','1'
'878','81','Mini','1'
'879','82','S1','1'
'880','83','Paykan','1'
'881','83','Samand','1'
'882','83','Soren','1'
'883','84','Commendatore 112i','1'
'884','84','Imperator 108i','1'
'885','84','Spyder','1'
'886','85','Amigo','1'
'887','85','Ascender','1'
'888','85','Aska','1'
'889','85','Axiom','1'
'890','85','Bighorn','1'
'891','85','D-Max','1'
'892','85','Gemini','1'
'893','85','Impulse','1'
'894','85','KB','1'
'895','85','MU','1'
'896','85','MU-7','1'
'897','85','Piazza','1'
'898','85','Rodeo','1'
'899','85','Stylus','1'
'900','85','TF (Pickup)','1'
'901','85','Trooper','1'
'902','85','VehiCross','1'
'903','85','Wizard','1'
'904','86','Massif','1'
'905','87','J2 (Yueyue)','1'
'906','87','J3 (Tongyue,Tojoy)','1'
'907','87','J5 (Heyue)','1'
'908','87','J6 (Heyue RS)','1'
'909','87','J7 (Binyue)','1'
'910','87','Refine','1'
'911','87','S1 (Rein)','1'
'912','87','S5 (Eagle)','1'
'914','88','E-type','1'
'915','88','F-Type','1'
'916','88','S-Type','1'
'917','88','X-Type','1'
'918','88','XF','1'
'919','88','XJ','1'
'920','88','XJ220','1'
'921','88','XJS','1'
'922','88','XK','1'
'923','89','Cherokee','1'
'924','89','CJ','1'
'925','89','Commander','1'
'926','89','Compass','1'
'927','89','Grand Cherokee','1'
'928','89','Grand Wagoneer','1'
'929','89','Liberty (North America)','1'
'930','89','Liberty (Patriot)','1'
'931','89','Wrangler','1'
'932','90','S-V8','1'
'933','91','Baodian','1'
'934','92','Avella','1'
'935','92','Cadenza','1'
'936','92','Capital','1'
'937','92','Carens','1'
'938','92','Carnival','1'
'939','92','Cee\'d','1'
'940','92','Cerato','1'
'941','92','Clarus','1'
'942','92','Concord','1'
'943','92','Elan','1'
'944','92','Enterprise','1'
'945','92','Joice','1'
'946','92','Magentis','1'
'947','92','Mohave (Borrego)','1'
'948','92','Opirus','1'
'949','92','Optima','1'
'950','92','Picanto','1'
'951','92','Potentia','1'
'952','92','Pride','1'
'953','92','Quoris','1'
'954','92','Ray','1'
'955','92','Retona','1'
'956','92','Rio','1'
'957','92','Sedona','1'
'958','92','Sephia','1'
'959','92','Shuma','1'
'960','92','Sorento','1'
'961','92','Soul','1'
'962','92','Spectra','1'
'963','92','Sportage','1'
'964','92','Venga','1'
'965','92','Visto','1'
'966','92','X-Trek','1'
'967','93','Agera','1'
'968','93','CC8S','1'
'969','93','CCR','1'
'970','93','CCX','1'
'971','93','One:1','1'
'972','94','X-Bow','1'
'973','95','Aventador','1'
'974','95','Countach','1'
'975','95','Diablo','1'
'976','95','Espada','1'
'977','95','Gallardo','1'
'978','95','Huracán','1'
'979','95','Jalpa','1'
'980','95','Jarama','1'
'981','95','LM001','1'
'982','95','LM002','1'
'983','95','Murcielago','1'
'984','95','Reventon','1'
'985','95','Urraco','1'
'986','95','Veneno','1'
'987','96','A 112','1'
'988','96','Beta','1'
'989','96','Dedra','1'
'990','96','Delta','1'
'991','96','Fulvia','1'
'992','96','Gamma','1'
'993','96','Hyena','1'
'994','96','Kappa','1'
'995','96','Lybra','1'
'996','96','Monte Carlo','1'
'997','96','Musa','1'
'998','96','Phedra','1'
'999','96','Prisma','1'
'1000','96','Thema','1'
'1001','96','Thesis','1'
'1002','96','Trevi','1'
'1003','96','Y10','1'
'1004','96','Ypsilon','1'
'1005','96','Zeta','1'
'1006','97','Defender','1'
'1007','97','Discovery','1'
'1008','97','Freelander','1'
'1009','97','Range Rover Evoque','1'
'1010','97','Range Rover','1'
'1011','97','Range Rover Sport','1'
'1012','97','Series I','1'
'1013','97','Series II','1'
'1014','97','Series III','1'
'1015','98','Fashion (CV9)','1'
'1016','98','Forward','1'
'1017','98','X5','1'
'1018','98','X6','1'
'1019','99','CT','1'
'1020','99','ES','1'
'1021','99','GS','1'
'1022','99','GX','1'
'1023','99','HS','1'
'1024','99','IS','1'
'1025','99','LFA','1'
'1026','99','LS','1'
'1027','99','LX','1'
'1028','99','RC','1'
'1029','99','RX','1'
'1030','99','SC','1'
'1031','100','Leopard','1'
'1032','101','Breez (520)','1'
'1033','101','Cebrium (720)','1'
'1036','101','X60','1'
'1037','102','Aviator','1'
'1038','102','Continental','1'
'1039','102','LS','1'
'1040','102','Mark LT','1'
'1041','102','Mark VII','1'
'1042','102','Mark VIII','1'
'1043','102','MKC','1'
'1044','102','MKS','1'
'1045','102','MKT','1'
'1046','102','MKX','1'
'1047','102','MKZ','1'
'1048','102','Navigator','1'
'1049','102','Town Car','1'
'1050','103','340R','1'
'1051','103','Eclat','1'
'1052','103','Elan','1'
'1053','103','Elise','1'
'1054','103','Elite','1'
'1055','103','Esprit','1'
'1056','103','Europa','1'
'1057','103','Europa S','1'
'1058','103','Evora','1'
'1059','103','Excel','1'
'1060','103','Exige','1'
'1061','104','TX','1'
'1062','105','Luxgen5','1'
'1063','105','Luxgen7 MPV','1'
'1064','105','Luxgen7 SUV','1'
'1065','105','U6 Turbo','1'
'1066','105','U7 Turbo','1'
'1067','106','Armada','1'
'1068','106','Bolero','1'
'1069','106','CJ-3','1'
'1070','106','CL','1'
'1071','106','Commander','1'
'1072','106','Marshal','1'
'1073','106','MM','1'
'1074','106','NC 640 DP','1'
'1075','106','Scorpio','1'
'1076','106','Verito','1'
'1077','106','Voyager','1'
'1078','106','Xylo','1'
'1079','107','GTS','1'
'1080','107','LM 400','1'
'1081','107','LM 500','1'
'1082','107','Mantis','1'
'1083','107','Marcasite','1'
'1084','108','5EXi','1'
'1085','108','Sportster','1'
'1086','109','B1','1'
'1087','109','B2','1'
'1088','110','1000','1'
'1089','110','800','1'
'1090','110','Alto','1'
'1091','110','Baleno','1'
'1092','110','Esteem','1'
'1093','110','Gypsy','1'
'1094','110','Omni','1'
'1095','110','Versa','1'
'1096','110','Wagon R','1'
'1097','110','Zen','1'
'1098','111','228','1'
'1099','111','3200 GT','1'
'1100','111','420','1'
'1101','111','4200 GT','1'
'1102','111','Barchetta Stradale','1'
'1103','111','Biturbo','1'
'1104','111','Bora','1'
'1105','111','Chubasco','1'
'1106','111','Ghibli','1'
'1107','111','GranTurismo','1'
'1108','111','Indy','1'
'1109','111','Karif','1'
'1110','111','Khamsin','1'
'1111','111','Kyalami','1'
'1112','111','MC12','1'
'1113','111','Merak','1'
'1114','111','Mexico','1'
'1115','111','Quattroporte','1'
'1116','111','Royale','1'
'1117','111','Shamal','1'
'1118','112','57','1'
'1119','112','62','1'
'1120','113','1000','1'
'1121','113','121','1'
'1122','113','1300','1'
'1123','113','2','1'
'1124','113','3','1'
'1125','113','323','1'
'1126','113','5','1'
'1127','113','6','1'
'1128','113','616','1'
'1129','113','626','1'
'1130','113','818','1'
'1131','113','929','1'
'1132','113','Atenza','1'
'1133','113','Axela','1'
'1134','113','AZ-1','1'
'1135','113','AZ-Offroad','1'
'1136','113','AZ-Wagon','1'
'1137','113','B-series','1'
'1138','113','Biante','1'
'1139','113','Bongo Friendee','1'
'1140','113','Bongo','1'
'1141','113','BT-50','1'
'1142','113','Capella','1'
'1143','113','Carol','1'
'1144','113','Cronos','1'
'1145','113','CX-5','1'
'1146','113','CX-7','1'
'1147','113','CX-9','1'
'1148','113','Demio','1'
'1149','113','Efini MS-6','1'
'1150','113','Efini MS-8','1'
'1151','113','Efini MS-9','1'
'1152','113','Eunos 300','1'
'1153','113','Eunos 500','1'
'1154','113','Eunos 800','1'
'1155','113','Eunos Cosmo','1'
'1156','113','Familia','1'
'1157','113','Lantis','1'
'1158','113','Laputa','1'
'1159','113','Luce','1'
'1160','113','Millenia','1'
'1161','113','MPV','1'
'1162','113','MX-3','1'
'1163','113','MX-5','1'
'1164','113','MX-6','1'
'1165','113','Navajo','1'
'1166','113','Persona','1'
'1167','113','Premacy','1'
'1168','113','Proceed Levante','1'
'1169','113','Proceed Marvie','1'
'1170','113','Protege','1'
'1171','113','Revue','1'
'1172','113','Roadster','1'
'1173','113','RX-7','1'
'1174','113','RX-8','1'
'1175','113','Scrum','1'
'1176','113','Sentia','1'
'1177','113','Spiano','1'
'1178','113','Tribute','1'
'1179','113','Verisa','1'
'1180','114','F1','1'
'1181','114','MP4-12C','1'
'1182','114','P1','1'
'1183','115','Club','1'
'1184','115','Monte Carlo','1'
'1185','115','Track','1'
'1186','116','190 (W201)','1'
'1187','116','A-klasse','1'
'1188','116','B-klasse','1'
'1189','116','C-klasse','1'
'1190','116','Citan','1'
'1191','116','CL-klasse','1'
'1192','116','CLA-klasse','1'
'1193','116','CLC-klasse','1'
'1194','116','CLK-klasse','1'
'1195','116','CLS-klasse','1'
'1196','116','E-klasse','1'
'1197','116','G-klasse','1'
'1198','116','GL-klasse','1'
'1199','116','GLA-klasse','1'
'1200','116','GLK-klasse','1'
'1201','116','M-klasse','1'
'1202','116','R-klasse','1'
'1203','116','S-klasse','1'
'1204','116','SL-klasse','1'
'1205','116','SLK-klasse','1'
'1206','116','SLR McLaren','1'
'1207','116','SLS AMG','1'
'1209','116','Vaneo','1'
'1210','116','Viano','1'
'1211','116','W114','1'
'1212','116','W115','1'
'1213','116','W123','1'
'1214','116','W124','1'
'1215','117','Capri','1'
'1216','117','Cougar','1'
'1217','117','Grand Marquis','1'
'1218','117','Marauder','1'
'1219','117','Mariner','1'
'1220','117','Marquis','1'
'1221','117','Milan','1'
'1222','117','Montego','1'
'1223','117','Monterey','1'
'1224','117','Mountaineer','1'
'1225','117','Mystique','1'
'1226','117','Sable','1'
'1227','117','Topaz','1'
'1228','117','Tracer','1'
'1229','117','Villager','1'
'1230','118','Metrocab I','1'
'1231','118','Metrocab II (TTT)','1'
'1232','119','3','1'
'1233','119','350','1'
'1234','119','5','1'
'1236','119','6','1'
'1237','119','F','1'
'1238','119','Maestro','1'
'1239','119','Metro','1'
'1240','119','MGB','1'
'1241','119','Midget','1'
'1242','119','Montego','1'
'1243','119','RV8','1'
'1244','119','TF','1'
'1245','119','Xpower SV','1'
'1246','119','ZR','1'
'1247','119','ZS','1'
'1248','119','ZT','1'
'1249','120','F8C','1'
'1250','120','M.Go','1'
'1251','120','M8','1'
'1252','120','MC','1'
'1253','120','Virgo','1'
'1254','121','TF 1800','1'
'1255','122','Cabrio','1'
'1256','122','Clubman','1'
'1257','122','Clubvan','1'
'1258','122','Countryman','1'
'1259','122','Coupe','1'
'1260','122','Hatch','1'
'1261','122','Paceman','1'
'1262','122','Roadster','1'
'1263','123','3000 GT','1'
'1264','123','Airtrek','1'
'1265','123','Aspire','1'
'1266','123','ASX','1'
'1267','123','Carisma','1'
'1268','123','Celeste','1'
'1269','123','Challenger','1'
'1270','123','Chariot','1'
'1271','123','Colt','1'
'1272','123','Cordia','1'
'1273','123','Debonair','1'
'1274','123','Delica','1'
'1275','123','Diamante','1'
'1276','123','Dingo','1'
'1277','123','Dion','1'
'1278','123','Eclipse','1'
'1279','123','eK','1'
'1280','123','Emeraude','1'
'1281','123','Endeavor','1'
'1282','123','Eterna','1'
'1283','123','FTO','1'
'1284','123','Galant','1'
'1285','123','Grandis','1'
'1286','123','GTO','1'
'1287','123','i','1'
'1288','123','i-MiEV','1'
'1290','123','L200','1'
'1291','123','Lancer Cargo','1'
'1292','123','Lancer Evolution','1'
'1293','123','Lancer','1'
'1294','123','Legnum','1'
'1295','123','Libero','1'
'1296','123','Minica','1'
'1297','123','Mirage','1'
'1298','123','Montero','1'
'1299','123','Montero Sport','1'
'1300','123','Outlander','1'
'1301','123','Pajero','1'
'1302','123','Pajero iO','1'
'1303','123','Pajero Junior','1'
'1304','123','Pajero Mini','1'
'1305','123','Pajero Pinin','1'
'1306','123','Pajero Sport','1'
'1307','123','Pistachio','1'
'1308','123','Proudia','1'
'1309','123','Raider','1'
'1310','123','RVR','1'
'1311','123','Sapporo','1'
'1312','123','Sigma','1'
'1313','123','Space Gear','1'
'1314','123','Space Runner','1'
'1315','123','Space Star','1'
'1316','123','Space Wagon','1'
'1317','123','Starion','1'
'1318','123','Toppo','1'
'1319','123','Town Box','1'
'1320','123','Tredia','1'
'1321','124','Galue 204','1'
'1322','124','Galue','1'
'1323','124','Himiko','1'
'1324','124','Le-Seyde','1'
'1325','124','Like','1'
'1328','124','Nouera','1'
'1329','124','Orochi','1'
'1330','124','Ray','1'
'1331','124','Ryoga','1'
'1332','124','Viewt','1'
'1333','124','Yuga','1'
'1334','124','Zero 1','1'
'1335','125','3 Wheeler','1'
'1336','125','4 Seater','1'
'1337','125','4/4','1'
'1338','125','Aero 8','1'
'1339','125','Aero Coupe','1'
'1340','125','Aero SuperSports','1'
'1341','125','AeroMax','1'
'1342','125','Plus 4','1'
'1343','125','Plus 8','1'
'1344','125','Roadster','1'
'1345','126','Marina','1'
'1346','127','100NX','1'
'1347','127','180SX','1'
'1348','127','200SX','1'
'1349','127','240SX','1'
'1350','127','280ZX','1'
'1351','127','300ZX','1'
'1352','127','350Z','1'
'1353','127','370Z','1'
'1354','127','AD','1'
'1355','127','Almera Classic','1'
'1356','127','Almera','1'
'1357','127','Almera Tino','1'
'1358','127','Altima','1'
'1359','127','Armada','1'
'1360','127','Avenir','1'
'1361','127','Bassara','1'
'1362','127','BE-1','1'
'1363','127','Bluebird Sylphy','1'
'1364','127','Bluebird','1'
'1365','127','Cedric','1'
'1366','127','Cefiro','1'
'1367','127','Cherry','1'
'1368','127','Cima','1'
'1369','127','Clipper','1'
'1370','127','Crew','1'
'1371','127','Cube','1'
'1372','127','Datsun','1'
'1373','127','Dualis','1'
'1374','127','Elgrand','1'
'1375','127','Expert','1'
'1376','127','Fairlady Z','1'
'1377','127','Figaro','1'
'1378','127','Fuga','1'
'1379','127','Gloria','1'
'1380','127','GT-R','1'
'1381','127','Juke','1'
'1382','127','Lafesta','1'
'1383','127','Langley','1'
'1384','127','Largo','1'
'1385','127','Laurel','1'
'1386','127','Leaf','1'
'1387','127','Leopard','1'
'1388','127','Liberty','1'
'1389','127','Lucino','1'
'1390','127','March','1'
'1391','127','Maxima','1'
'1392','127','Micra','1'
'1393','127','Mistral','1'
'1394','127','Moco','1'
'1395','127','Murano','1'
'1396','127','Navara (Frontier)','1'
'1397','127','Note','1'
'1398','127','NP 300','1'
'1399','127','NV200','1'
'1400','127','NX Coupe','1'
'1401','127','Otti (Dayz)','1'
'1402','127','Pao','1'
'1403','127','Pathfinder','1'
'1404','127','Patrol','1'
'1405','127','Pino','1'
'1406','128','M12 GTO','1'
'1407','128','M600','1'
'1408','129','Achieva','1'
'1409','129','Alero','1'
'1410','129','Aurora','1'
'1411','129','Bravada','1'
'1413','129','Cutlass Calais','1'
'1414','129','Cutlass Ciera','1'
'1415','129','Cutlass Supreme','1'
'1416','129','Eighty-Eight','1'
'1417','129','Intrigue','1'
'1418','129','Ninety-Eight','1'
'1419','129','Omega','1'
'1420','129','Silhouette','1'
'1421','130','Adam','1'
'1422','130','Admiral','1'
'1423','130','Agila','1'
'1424','130','Ampera','1'
'1425','130','Antara','1'
'1426','130','Ascona','1'
'1427','130','Astra','1'
'1428','130','Calibra','1'
'1429','130','Campo','1'
'1430','130','Cascada','1'
'1431','130','Combo','1'
'1432','130','Commodore','1'
'1433','130','Corsa','1'
'1434','130','Diplomat','1'
'1435','130','Frontera','1'
'1436','130','GT','1'
'1437','130','Insignia','1'
'1438','130','Kadett','1'
'1439','130','Manta','1'
'1440','130','Meriva','1'
'1441','130','Mokka','1'
'1442','130','Monterey','1'
'1443','130','Monza','1'
'1444','130','Omega','1'
'1445','130','Rekord','1'
'1446','130','Senator','1'
'1447','130','Signum','1'
'1448','130','Sintra','1'
'1449','130','Speedster','1'
'1450','130','Tigra','1'
'1451','130','Vectra','1'
'1452','130','Vita','1'
'1453','130','Zafira','1'
'1454','131','2500 GT','1'
'1455','132','Huayra','1'
'1456','132','Zonda','1'
'1457','133','Esperante','1'
'1458','133','Roadster','1'
'1459','134','Alza','1'
'1460','134','Kancil','1'
'1461','134','Kelisa','1'
'1462','134','Kembara','1'
'1463','134','Kenari','1'
'1464','134','MyVi','1'
'1465','134','Nautica','1'
'1466','134','Viva','1'
'1467','135','1007','1'
'1468','135','104','1'
'1469','135','106','1'
'1470','135','107','1'
'1471','135','2008','1'
'1472','135','204','1'
'1473','135','205','1'
'1474','135','206','1'
'1475','135','207','1'
'1476','135','208','1'
'1477','135','3008','1'
'1478','135','301','1'
'1479','135','304','1'
'1480','135','305','1'
'1481','135','306','1'
'1482','135','307','1'
'1483','135','308','1'
'1484','135','309','1'
'1485','135','4007','1'
'1486','135','4008','1'
'1487','135','405','1'
'1488','135','406','1'
'1489','135','407','1'
'1490','135','408','1'
'1491','135','5008','1'
'1492','135','504','1'
'1493','135','505','1'
'1494','135','508','1'
'1495','135','604','1'
'1496','135','605','1'
'1497','135','607','1'
'1498','135','806','1'
'1499','135','807','1'
'1501','135','Partner','1'
'1502','135','RCZ','1'
'1503','136','Porter','1'
'1504','137','Acclaim','1'
'1505','137','Breeze','1'
'1506','137','Caravelle','1'
'1507','137','Laser','1'
'1508','137','Neon','1'
'1509','137','Prowler','1'
'1510','137','Sundance','1'
'1511','137','Turismo','1'
'1512','137','Voyager','1'
'1513','138','6000','1'
'1514','138','Aztec','1'
'1515','138','Bonneville','1'
'1516','138','Fiero','1'
'1517','138','Firebird','1'
'1518','138','G4','1'
'1519','138','G5','1'
'1520','138','G6','1'
'1522','138','Grand AM','1'
'1523','138','Grand Prix','1'
'1524','138','GTO','1'
'1525','138','LeMans','1'
'1526','138','Montana','1'
'1527','138','Parisienne','1'
'1528','138','Phoenix','1'
'1529','138','Solstice','1'
'1530','138','Sunbird','1'
'1531','138','Sunfire','1'
'1532','138','Tempest','1'
'1533','138','Torrent','1'
'1534','138','Trans Sport','1'
'1535','138','Vibe','1'
'1536','139','911','1'
'1537','139','914','1'
'1539','139','924','1'
'1540','139','928','1'
'1541','139','944','1'
'1542','139','959','1'
'1543','139','968','1'
'1544','139','Boxster','1'
'1545','139','Carrera GT','1'
'1546','139','Cayenne','1'
'1547','139','Cayman','1'
'1548','139','Macan','1'
'1549','139','Panamera','1'
'1550','140','118NE','1'
'1551','140','Padmini','1'
'1552','141','Exora','1'
'1553','141','Gen-2','1'
'1554','141','Inspira','1'
'1555','141','Juara','1'
'1556','141','Perdana','1'
'1557','141','Persona','1'
'1558','141','Preve','1'
'1559','141','Saga','1'
'1560','141','Satria','1'
'1561','141','Waja','1'
'1562','141','Wira (400 Series)','1'
'1563','142','G-modell','1'
'1564','142','Pinzgauer','1'
'1565','143','GTB','1'
'1566','143','GTE','1'
'1567','144','3','1'
'1568','145','Mangusta','1'
'1569','146','Scimitar Sabre','1'
'1570','147','11','1'
'1571','147','12','1'
'1572','147','14','1'
'1573','147','15','1'
'1574','147','16','1'
'1575','147','17','1'
'1576','147','18','1'
'1577','147','19','1'
'1578','147','20','1'
'1579','147','21','1'
'1580','147','25','1'
'1581','147','30','1'
'1582','147','4','1'
'1583','147','5','1'
'1584','147','6','1'
'1585','147','9','1'
'1586','147','Avantime','1'
'1587','147','Captur','1'
'1588','147','Clio','1'
'1589','147','Duster','1'
'1590','147','Espace','1'
'1591','147','Estafette','1'
'1592','147','Fluence','1'
'1593','147','Fuego','1'
'1594','147','Kangoo','1'
'1595','147','Koleos','1'
'1596','147','Laguna','1'
'1597','147','Latitude','1'
'1598','147','Logan','1'
'1599','147','Megane','1'
'1600','147','Modus','1'
'1601','147','Rodeo','1'
'1602','147','Safrane','1'
'1603','147','Sandero','1'
'1604','147','Scenic','1'
'1605','147','Sport Spider','1'
'1606','147','Symbol','1'
'1607','147','Twingo','1'
'1608','147','Twizy','1'
'1609','147','Vel Satis','1'
'1610','147','Wind','1'
'1611','147','ZOE','1'
'1612','148','SM3','1'
'1613','148','SM5','1'
'1614','148','SM7','1'
'1615','149','Corniche','1'
'1616','149','Ghost','1'
'1617','149','Park Ward','1'
'1618','149','Phantom','1'
'1619','149','Silver Seraph','1'
'1620','149','Silver Spur','1'
'1621','149','Wraith','1'
'1622','150','Lightning','1'
'1623','151','100','1'
'1624','151','200','1'
'1625','151','25','1'
'1626','151','400','1'
'1627','151','45','1'
'1628','151','600','1'
'1629','151','75','1'
'1630','151','800','1'
'1631','151','Metro','1'
'1632','151','Mini','1'
'1633','151','P6','1'
'1634','151','SD1','1'
'1635','152','9-2X','1'
'1636','152','9-3','1'
'1637','152','9-4X','1'
'1638','152','9-5','1'
'1639','152','9-7X','1'
'1640','152','90','1'
'1641','152','900','1'
'1642','152','9000','1'
'1643','152','95','1'
'1644','152','96','1'
'1645','152','99','1'
'1646','153','S7','1'
'1647','154','PS-10','1'
'1648','155','Astra','1'
'1649','155','Aura','1'
'1650','155','ION','1'
'1651','155','LS','1'
'1652','155','LW','1'
'1653','155','Outlook','1'
'1654','155','Relay','1'
'1655','155','SC','1'
'1656','155','Sky','1'
'1657','155','SL','1'
'1658','155','SW','1'
'1659','155','VUE','1'
'1660','156','FR-S','1'
'1661','156','iQ','1'
'1662','156','tC','1'
'1663','156','xA','1'
'1664','156','xB','1'
'1665','156','xD','1'
'1666','157','133','1'
'1667','157','Alhambra','1'
'1668','157','Altea','1'
'1669','157','Arosa','1'
'1670','157','Cordoba','1'
'1671','157','Exeo','1'
'1672','157','Fura','1'
'1673','157','Ibiza','1'
'1674','157','Leon','1'
'1675','157','Malaga','1'
'1676','157','Marbella','1'
'1677','157','Ronda','1'
'1678','157','Toledo','1'
'1679','158','Noble','1'
'1680','158','Sceo','1'
'1681','159','100 Series','1'
'1682','159','Citigo','1'
'1683','159','Fabia','1'
'1684','159','Favorit','1'
'1685','159','Felicia','1'
'1686','159','Octavia','1'
'1687','159','Rapid','1'
'1688','159','Roomster','1'
'1689','159','Superb','1'
'1690','159','Yeti','1'
'1691','160','Forfour','1'
'1692','160','Fortwo','1'
'1693','160','Roadster','1'
'1694','161','Lioncel','1'
'1695','162','R42','1'
'1696','163','C12','1'
'1697','163','C8','1'
'1699','165','Actyon','1'
'1700','165','Actyon Sports','1'
'1701','165','Chairman','1'
'1702','165','Kallista','1'
'1703','165','Korando Family','1'
'1704','165','Korando','1'
'1705','165','Kyron','1'
'1706','165','Musso','1'
'1707','165','Rexton','1'
'1708','165','Rodius','1'
'1709','165','Stavic','1'
'1710','166','Alcyone','1'
'1711','166','Baja','1'
'1712','166','BRZ','1'
'1713','166','Dex','1'
'1714','166','Domingo','1'
'1715','166','Exiga','1'
'1716','166','Forester','1'
'1717','166','Impreza','1'
'1718','166','Justy','1'
'1719','166','Legacy','1'
'1720','166','Leone','1'
'1721','166','Libero','1'
'1722','166','Lucra','1'
'1723','166','Outback','1'
'1724','166','Pleo','1'
'1725','166','R1','1'
'1726','166','R2','1'
'1727','166','Sambar','1'
'1728','166','Stella','1'
'1729','166','SVX','1'
'1730','166','Traviq','1'
'1731','166','Trezia','1'
'1732','166','Tribeca','1'
'1733','166','Vivio','1'
'1734','166','XT','1'
'1735','166','XV','1'
'1736','167','Aerio','1'
'1737','167','Alto','1'
'1738','167','Baleno','1'
'1739','167','Cappuccino','1'
'1740','167','Cervo','1'
'1741','167','Ertiga','1'
'1742','167','Escudo','1'
'1743','167','Every','1'
'1744','167','Forenza','1'
'1745','167','Grand Vitara','1'
'1746','167','Ignis','1'
'1747','167','Jimny','1'
'1748','167','Kei','1'
'1749','167','Kizashi','1'
'1750','167','Landy','1'
'1751','167','Liana','1'
'1752','167','MR Wagon','1'
'1753','167','Palette','1'
'1754','167','Reno','1'
'1755','167','Solio','1'
'1756','167','Spacia','1'
'1757','167','Splash','1'
'1758','167','Swift','1'
'1759','167','SX4','1'
'1760','167','Verona','1'
'1761','167','Wagon R','1'
'1762','167','Wagon R+','1'
'1763','167','X-90','1'
'1764','167','XL7','1'
'1765','168','1510','1'
'1766','168','Avenger','1'
'1767','168','Horizon','1'
'1768','168','Samba','1'
'1769','168','Solara','1'
'1770','168','Tagora','1'
'1771','169','Aria','1'
'1772','169','Estate','1'
'1773','169','Indica','1'
'1774','169','Indigo','1'
'1775','169','Nano','1'
'1776','169','Safari','1'
'1777','169','Sierra','1'
'1778','169','Sumo','1'
'1779','170','T613','1'
'1780','170','T700','1'
'1781','171','Zero','1'
'1782','172','Model S','1'
'1783','172','Roadster','1'
'1784','173','Century','1'
'1785','174','Admiral','1'
'1786','175','Dogan','1'
'1787','175','Kartal','1'
'1788','175','Murat 131','1'
'1790','175','Serce','1'
'1791','176','4Runner','1'
'1792','176','Allex','1'
'1793','176','Allion','1'
'1794','176','Alphard','1'
'1795','176','Altezza','1'
'1796','176','Aristo','1'
'1797','176','Aurion','1'
'1798','176','Auris','1'
'1799','176','Avalon','1'
'1800','176','Avensis','1'
'1801','176','Avensis Verso','1'
'1802','176','Aygo','1'
'1803','176','bB','1'
'1804','176','Belta','1'
'1805','176','Blade','1'
'1806','176','Blizzard','1'
'1807','176','Brevis','1'
'1808','176','Caldina','1'
'1809','176','Cami','1'
'1810','176','Camry','1'
'1811','176','Carina ED','1'
'1812','176','Carina','1'
'1813','176','Cavalier','1'
'1814','176','Celica','1'
'1815','176','Celsior','1'
'1816','176','Century','1'
'1817','176','Chaser','1'
'1818','176','Corolla','1'
'1819','176','Corolla Rumion','1'
'1821','176','Corona','1'
'1822','176','Corsa','1'
'1823','176','Cressida','1'
'1824','176','Cresta','1'
'1825','176','Crown Majesta','1'
'1826','176','Crown','1'
'1827','176','Curren','1'
'1828','176','Cynos','1'
'1829','176','Duet','1'
'1830','176','Echo','1'
'1831','176','Estima','1'
'1832','176','FJ Cruiser','1'
'1833','176','Fortuner','1'
'1834','176','FunCargo','1'
'1835','176','Gaia','1'
'1836','176','Granvia','1'
'1838','176','Harrier','1'
'1839','176','HiAce','1'
'1840','176','Highlander','1'
'1841','176','Hilux Surf','1'
'1842','176','Hilux','1'
'1843','176','Innova','1'
'1844','176','Ipsum','1'
'1845','176','iQ','1'
'1846','176','ISis','1'
'1847','176','Ist','1'
'1848','176','Kluger','1'
'1849','176','Land Cruiser','1'
'1850','176','Land Cruiser Prado','1'
'1851','177','1.1','1'
'1852','177','P 601','1'
'1853','178','Tramontana','1'
'1854','179','TR7','1'
'1855','179','TR8','1'
'1856','180','280','1'
'1857','180','350','1'
'1858','180','390','1'
'1859','180','400','1'
'1860','180','420','1'
'1861','180','450','1'
'1862','180','Cerbera','1'
'1863','180','Chimaera','1'
'1864','180','Griffith','1'
'1865','180','S-Series','1'
'1866','180','Sagaris','1'
'1867','180','Tamora','1'
'1868','180','Tuscan','1'
'1869','181','Adam','1'
'1871','181','Astra','1'
'1873','181','Carlton','1'
'1882','181','Royale','1'
'1886','181','Vectra','1'
'1887','181','Ventora','1'
'1888','181','Viceroy','1'
'1889','181','Victor','1'
'1890','181','Viva','1'
'1891','181','VXR8','1'
'1893','182','M12','1'
'1894','182','W8 Twin Turbo','1'
'1895','183','210','1'
'1896','183','260 LM','1'
'1897','183','300 Atlantique','1'
'1898','183','400 GT','1'
'1899','184','181','1'
'1900','184','Beetle','1'
'1901','184','Bora','1'
'1902','184','Caddy','1'
'1903','184','Corrado','1'
'1904','184','Derby','1'
'1905','184','Eos','1'
'1906','184','Fox','1'
'1907','184','Golf Country','1'
'1908','184','Golf','1'
'1909','184','Golf Plus','1'
'1910','184','Golf Sportsvan','1'
'1911','184','Iltis','1'
'1912','184','Jetta','1'
'1913','184','Kaefer','1'
'1914','184','Lupo','1'
'1915','184','Multivan','1'
'1916','184','Passat (North America)','1'
'1917','184','Passat','1'
'1918','184','Passat CC','1'
'1919','184','Phaeton','1'
'1920','184','Pointer','1'
'1921','184','Polo','1'
'1922','184','Routan','1'
'1923','184','Santana','1'
'1924','184','Scirocco','1'
'1925','184','Sharan','1'
'1926','184','Taro','1'
'1927','184','Tiguan','1'
'1928','184','Touareg','1'
'1929','184','Touran','1'
'1930','184','Type 4','1'
'1931','184','up!','1'
'1932','184','Vento','1'
'1933','184','XL1','1'
'1934','185','140 Series','1'
'1935','185','164','1'
'1936','185','240 Series','1'
'1937','185','260 Series','1'
'1938','185','300 Series','1'
'1939','185','440','1'
'1940','185','460','1'
'1941','185','480','1'
'1942','185','66','1'
'1943','185','740','1'
'1944','185','760','1'
'1945','185','780','1'
'1946','185','850','1'
'1947','185','940','1'
'1948','185','960','1'
'1949','185','C30','1'
'1950','185','C70','1'
'1951','185','Laplander','1'
'1952','185','S40','1'
'1953','185','S60','1'
'1954','185','S70','1'
'1955','185','S80','1'
'1956','185','S90','1'
'1957','185','V40','1'
'1958','185','V50','1'
'1959','185','V60','1'
'1960','185','V70','1'
'1961','185','V90','1'
'1962','185','XC60','1'
'1963','185','XC70','1'
'1964','185','XC90','1'
'1965','186','Corda','1'
'1966','186','Estina','1'
'1967','186','Tingo','1'
'1968','187','1.3','1'
'1969','187','353','1'
'1970','188','SEi & Sport','1'
'1971','188','SEiGHT','1'
'1972','189','GT','1'
'1973','189','Roadster','1'
'1974','190','Pickup X3','1'
'1975','190','SR-V X3','1'
'1976','190','SUV X3','1'
'1977','191','10','1'
'1978','191','Florida','1'
'1979','191','Skala','1'
'1980','191','Yugo','1'
'1981','192','Nomad (RX6400)','1'
'1982','193','Admiral','1'
'1984','193','Landmark','1'
'1986','212','2160','1'
'1987','212','2163','1'
'1988','212','3101','1'
'1989','213','Ока-Астро 11301','1'
'1990','214','Рысь','1'
'1991','215','1111 Ока','1'
'1992','215','2101','1'
'1993','215','2102','1'
'1994','215','2103','1'
'1995','215','2104','1'
'1996','215','2105','1'
'1997','215','2106','1'
'1998','215','2107','1'
'1999','215','2108','1'
'2000','215','2109','1'
'2001','215','21099','1'
'2002','215','2110','1'
'2003','215','2111','1'
'2004','215','2112','1'
'2005','215','2113','1'
'2006','215','2114','1'
'2007','215','2115','1'
'2008','215','2120 Надежда','1'
'2009','215','2121 (4x4)','1'
'2010','215','2123','1'
'2011','215','2129','1'
'2012','215','2131 (4x4)','1'
'2013','215','2328','1'
'2014','215','2329','1'
'2015','215','Granta','1'
'2016','215','Kalina','1'
'2017','215','Largus','1'
'2018','215','Priora','1'
'2019','215','Revolution','1'
'2020','216','13 «Чайка»','1'
'2021','216','14 «Чайка»','1'
'2022','216','21 «Волга»','1'
'2023','216','22 «Волга»','1'
'2024','216','2308 «Атаман»','1'
'2025','216','2330 «Тигр»','1'
'2026','216','24 «Волга»','1'
'2027','216','3102 «Волга»','1'
'2028','216','31029 «Волга»','1'
'2029','216','3103 «Волга»','1'
'2030','216','3105 «Волга»','1'
'2031','216','3110 «Волга»','1'
'2032','216','31105 «Волга»','1'
'2033','216','3111 «Волга»','1'
'2034','216','69','1'
'2035','216','Volga Siber','1'
'2036','216','М-20 «Победа»','1'
'2037','216','М1','1'
'2038','217','1102 «Таврия»','1'
'2039','217','1103 «Славута»','1'
'2040','217','1105 «Дана»','1'
'2041','217','965','1'
'2042','217','966','1'
'2043','217','968','1'
'2044','217','Chance','1'
'2045','217','Forza','1'
'2046','217','Sens','1'
'2047','217','Vida','1'
'2048','218','114','1'
'2049','218','117','1'
'2050','218','4104','1'
'2051','219','2125 «Комби»','1'
'2052','219','2126 «Ода»','1'
'2053','219','21261 «Фабула»','1'
'2054','219','2717','1'
'2055','219','Москвич-412','1'
'2056','220','1111 Ока','1'
'2057','221','2317','1'
'2058','222','1302 Волынь','1'
'2059','222','967','1'
'2060','222','969','1'
'2061','223','2136','1'
'2062','223','2137','1'
'2063','223','2138','1'
'2064','223','2140','1'
'2065','223','2141','1'
'2066','223','400','1'
'2067','223','401','1'
'2068','223','402','1'
'2069','223','403','1'
'2070','223','407','1'
'2071','223','408','1'
'2072','223','410','1'
'2073','223','411','1'
'2074','223','412','1'
'2075','223','423','1'
'2076','223','426','1'
'2077','223','427','1'
'2078','223','Дуэт','1'
'2079','223','Иван Калита','1'
'2080','223','Князь Владимир','1'
'2081','223','Святогор','1'
'2082','223','Юрий Долгорукий','1'
'2083','224','С-3А','1'
'2084','224','С-3Д','1'
'2085','225','1111 Ока','1'
'2086','226','Aquila','1'
'2087','226','C-30','1'
'2088','226','C10','1'
'2089','226','C190','1'
'2090','226','Road Partner','1'
'2091','226','Tager','1'
'2092','226','Vega','1'
'2093','227','3151','1'
'2094','227','3153','1'
'2096','227','3160','1'
'2097','227','3162 Simbir','1'
'2098','227','469','1'
'2099','227','Hunter','1'
'2100','227','Patriot','1'
'2101','227','Pickup','1'
'2102','35','Traverse','1'
'2103','35','Uplander','1'
'2104','35','Van','1'
'2105','35','Vectra','1'
'2106','35','Venture','1'
'2107','35','Viva','1'
'2108','35','Volt','1'
'2109','35','Zafira','1'
'2110','52','S30','1'
'2111','67','GC6','1'
'2112','80','Q70','1'
'2113','101','Celliya (530)','1'
'2114','113','Xedos 6','1'
'2115','113','Xedos 9','1'
'2116','127','Pixo','1'
'2117','127','Prairie','1'
'2118','127','Presage','1'
'2119','127','Presea','1'
'2120','127','President','1'
'2121','127','Primera','1'
'2122','127','Pulsar','1'
'2123','127','Qashqai','1'
'2124','127','Quest','1'
'2125','127','R\'nessa','1'
'2126','127','Rasheen','1'
'2127','127','Rogue','1'
'2128','127','Roox','1'
'2129','127','Safari','1'
'2130','127','Sentra','1'
'2131','127','Serena','1'
'2132','127','Silvia','1'
'2133','127','Skyline Crossover','1'
'2134','127','Skyline','1'
'2135','127','Stagea','1'
'2136','127','Stanza','1'
'2137','127','Sunny','1'
'2138','127','Teana','1'
'2139','127','Terrano','1'
'2140','127','Terrano Regulus','1'
'2141','127','Tiida','1'
'2142','127','Tino','1'
'2143','127','Titan','1'
'2144','127','Vanette','1'
'2145','127','Versa','1'
'2146','127','Wingroad','1'
'2147','127','X-Terra','1'
'2148','127','X-Trail','1'
'2149','176','LiteAce','1'
'2150','176','Mark II','1'
'2151','176','Mark X','1'
'2152','176','Mark X ZiO','1'
'2153','176','MasterAce Surf','1'
'2154','176','Matrix','1'
'2155','176','Mega Cruiser','1'
'2156','176','MR2','1'
'2157','176','Nadia','1'
'2158','176','Noah','1'
'2159','176','Opa','1'
'2160','176','Origin','1'
'2161','176','Paseo','1'
'2162','176','Passo','1'
'2163','176','Passo Sette','1'
'2164','176','Picnic','1'
'2165','176','Platz','1'
'2166','176','Porte','1'
'2167','176','Premio','1'
'2168','176','Previa','1'
'2169','176','Prius c','1'
'2170','176','Prius','1'
'2172','176','Probox','1'
'2173','176','Progres','1'
'2174','176','Pronard','1'
'2175','176','Ractis','1'
'2176','176','Raum','1'
'2177','176','RAV 4','1'
'2178','176','Regius','1'
'2179','176','RegiusAce','1'
'2180','176','Rush','1'
'2181','176','Sai','1'
'2182','176','Scepter','1'
'2183','176','Sequoia','1'
'2184','176','Sera','1'
'2185','176','Sienna','1'
'2186','176','Sienta','1'
'2187','176','Soarer','1'
'2188','176','Soluna','1'
'2189','176','Sparky','1'
'2190','176','Sprinter Carib','1'
'2191','176','Sprinter Marino','1'
'2192','176','Sprinter Trueno','1'
'2193','176','Sprinter','1'
'2194','176','Starlet','1'
'2195','176','Succeed','1'
'2196','176','Supra','1'
'2197','176','Tacoma','1'
'2198','176','Tercel','1'
'2199','176','TownAce','1'
'2200','176','Tundra','1'
'2201','176','Urban Cruiser','1'
'2202','176','Vanguard','1'
'2203','176','Vellfire','1'
'2204','176','Venza','1'
'2205','176','Verossa','1'
'2206','176','Verso','1'
'2207','176','Verso-S','1'
'2208','176','Vios','1'
'2209','176','Vista','1'
'2210','176','Vitz','1'
'2211','176','Voltz','1'
'2212','176','Voxy','1'
'2213','176','WiLL Cypha','1'
'2214','176','WiLL','1'
'2215','176','Windom','1'
'2216','176','Wish','1'
'2217','176','Yaris','1'
'2218','176','Yaris Verso','1'
'2371','166','Impreza WRX','1'
'2240','79','Grace','1'
'2334','92','Cee\'d GT','1'
'2270','101','Smily','1'
'2219','28','ELR','1'
'2319','18','X6 M','1'
'2253','34','Bonus 3 (E3)','1'
'2220','35','Silverado','1'
'2221','37','Jumpy','1'
'2375','176','Corolla Spacio','1'
'2383','37','C-ZERO','1'
'2244','127','NV350 Caravan','1'
'2241','114','650S','1'
'2373','176','Camry (Japan)','1'
'2354','116','SLK-klasse AMG','1'
'2222','61','Scudo','1'
'2223','63','Bronco II','1'
'2342','116','CLA-klasse AMG','1'
'2341','116','CL-klasse AMG','1'
'2339','116','A-klasse AMG','1'
'2337','113','3 MPS','1'
'2338','113','6 MPS','1'
'2376','176','Corolla Verso','1'
'2340','116','C-klasse AMG','1'
'2331','88','XFR','1'
'2243','127','Caravan','1'
'2224','76','Vezel','1'
'2346','116','G-klasse AMG 6x6','1'
'2343','116','CLK-klasse AMG','1'
'2242','123','Minicab','1'
'2345','116','E-klasse AMG','1'
'2335','99','IS F','1'
'2336','99','RC F','1'
'2344','116','CLS-klasse AMG','1'
'2279','101','Solano','1'
'2333','89','Grand Cherokee SRT8','1'
'2332','88','XKR','1'
'2225','116','Vito','1'
'2348','116','GLA-klasse AMG','1'
'2353','116','SL-klasse AMG','1'
'2260','99','NX','1'
'2259','95','Sesto Elemento','1'
'2273','10','TT RS','1'
'2287','97','Discovery Sport','1'
'2329','63','Mondeo ST','1'
'2249','80','Q40','1'
'2229','135','Expert','1'
'2227','130','Vivaro','1'
'2228','135','108','1'
'2385','135','205 GTi','1'
'2388','139','918 Spyder','1'
'2230','147','Trafic','1'
'2327','63','Focus RS','1'
'2294','147','Dokker','1'
'2269','89','Renegade','1'
'2286','88','XE','1'
'2258','67','SC7','1'
'2231','166','WRX','1'
'2232','167','Celerio','1'
'2238','47','Urvan','1'
'2379','184','Lupo GTI','1'
'2256','51','Lancer','1'
'2257','59','Besturn X80','1'
'2382','184','Scirocco R','1'
'2380','184','Polo GTI','1'
'2281','165','Korando Sports','1'
'2233','184','Amarok','1'
'2234','184','California','1'
'2236','184','Transporter','1'
'2328','63','Focus ST','1'
'2285','79','Aslan','1'
'2226','127','Primastar','1'
'2374','176','Camry Solara','1'
'2235','184','Caravelle','1'
'2261','280','GTR','1'
'2239','63','Tourneo Custom','1'
'2372','167','Samurai','1'
'2291','34','Arrizo 7','1'
'2274','10','TTS','1'
'2251','167','Vitara','1'
'2289','290','H6','1'
'2288','289','Roadster','1'
'2272','284','Tropica Roadster','1'
'2237','26','F5','1'
'2290','21','H530','1'
'2381','184','Polo R WRC','1'
'2271','282','Boliger','1'
'2248','34','M11 (A3)','1'
'2247','32','CM-8','1'
'2313','18','1M','1'
'2314','18','M3','1'
'2245','127','Urvan','1'
'2280','116','AMG GT','1'
'2386','135','208 GTi','1'
'2246','135','Bipper','1'
'2276','71','Hover H3','1'
'2277','71','Hover H5','1'
'2275','63','Tourneo Courier','1'
'2278','71','Hover H6','1'
'2355','130','Astra OPC','1'
'2357','130','Insignia OPC','1'
'2356','130','Corsa OPC','1'
'2358','130','Meriva OPC','1'
'2360','130','Zafira OPC','1'
'2359','130','Vectra OPC','1'
'2362','139','911 GT3','1'
'2361','139','911 GT2','1'
'2364','147','Clio V6','1'
'2293','63','Focus (North America)','1'
'2363','147','Clio RS','1'
'2254','34','Tiggo 5','1'
'2255','35','SS','1'
'2316','18','M5','1'
'2317','18','M6','1'
'2318','18','X5 M','1'
'2252','25','Encore','1'
'2320','18','Z3 M','1'
'2321','18','Z4 M','1'
'2268','47','mi-DO','1'
'2312','291','XD3','1'
'2310','291','D5','1'
'2309','291','D3','1'
'2308','291','D10','1'
'2307','291','C2','1'
'2306','291','C1','1'
'2305','291','B9','1'
'2304','291','B8','1'
'2303','291','B7','1'
'2302','291','B6','1'
'2301','291','B5','1'
'2300','291','B4','1'
'2299','291','B3','1'
'2298','291','B12','1'
'2297','291','B11','1'
'2296','291','B10','1'
'2347','116','G-klasse AMG','1'
'2349','116','M-klasse AMG','1'
'2350','116','Maybach S-klasse','1'
'2330','76','Civic Type-R','1'
'2351','116','R-klasse AMG','1'
'2352','116','S-klasse AMG','1'
'2266','3','Disco Volante','1'
'2265','2','TLX','1'
'2282','176','ProAce','1'
'2368','157','Leon Cupra','1'
'2367','157','Ibiza Cupra','1'
'2370','159','Octavia RS','1'
'2292','61','500X','1'
'2369','159','Fabia RS','1'
'2389','157','Mii','1'
'2315','18','M4','1'
'2295','147','Lodgy','1'
'2324','63','Fiesta ST','1'
'2323','36','300C SRT8','1'
'2322','28','CTS-V','1'
'2311','291','Roadster','1'
'2365','147','Megane RS','1'
'2387','135','iOn','1'
'2366','151','Streetwise','1'
'2378','184','Golf R','1'
'2377','184','Golf GTI','1'
'2390','85','MU-X','1'
'2391','166','Impreza WRX STi','1'
'2392','166','WRX STi','1'
'5811','71','Voleex C30','1'
'5812','166','Levorg','1'
'5813','176','Prius v (+)','1'
'19085','3589','3','1'
'19086','3589','4','1'
'19083','3590','Speedster II','1'
'19081','3590','Cevennes','1'
'19082','3590','Hemera','1'
'19080','3591','ST1','1'
'19078','290','H2','1'
'19079','290','H8','1'
'19077','185','V60 Cross Country','1'
'19076','185','S60 Cross Country','1'
'19075','139','Cayman GT4','1'
'19074','130','Karl','1'
'19073','127','Qashqai+2','1'
'19071','114','570S','1'
'19072','127','Juke Nismo','1'
'19137','21','H230','1'
'19070','114','540C','1'
'19069','67','GC9','1'
'19067','63','Spectron','1'
'19068','63','Telstar','1'
'19066','63','Explorer Sport Trac','1'
'19065','60','488 GTB','1'
'19064','28','ATS-V','1'
'19063','25','Verano','1'
'18880','116','GL-klasse AMG','1'
'18881','116','V-klasse','1'
'18882','88','XJR','1'
'18960','24','EB Veyron 16.4','1'
'18961','75','Statesman','1'
'18962','98','Х9','1'
'18963','116','AMG GLE','1'
'18964','116','AMG GLE Coupe','1'
'18965','116','GLE','1'
'18966','116','GLE Coupe','1'
'18967','123','Lancer Ralliart','1'
'18968','176','GT86','1'
'18969','185','V40 Cross Country','1'
'18970','193','Grand Tiger','1'
'18971','211','Ё-Кроссовер','1'
'18972','227','3159','1'
'19143','3620','Concept_One','1'
'19142','101','X50','1'
'19139','147','Kadjar','1'
'19138','123','Attrage','1'
'18985','3589','5','1'
'19062','25','Estate Wagon','1'
'19141','3619','Beast','1'
'19140','165','Nomad','1'
